id,nombre,latitud,longitud,tipo,accesible
253761879,Nodo 253761879,4.6714483,-74.0579512,interseccion,True
253761882,Nodo 253761882,4.6644634,-74.0572856,interseccion,True
253761969,Nodo 253761969,4.6594405,-74.052285,interseccion,True
253761997,Nodo 253761997,4.6640311,-74.0566042,interseccion,True
253762016,Nodo 253762016,4.6636778,-74.0577435,interseccion,True
253762045,Nodo 253762045,4.6632992,-74.0556494,interseccion,True
253762048,Nodo 253762048,4.663569,-74.0543726,interseccion,True
253762071,Nodo 253762071,4.6575061,-74.0688364,interseccion,True
253762143,Nodo 253762143,4.6567662,-74.0676869,interseccion,True
253762149,Nodo 253762149,4.6631196,-74.0581496,interseccion,True
253762179,Nodo 253762179,4.6665492,-74.0690054,interseccion,True
253762181,Nodo 253762181,4.6661265,-74.064242,interseccion,True
253762216,Nodo 253762216,4.6624315,-74.0570766,interseccion,True
253762297,Nodo 253762297,4.6640945,-74.05511,interseccion,True
253762307,Nodo 253762307,4.6630036,-74.0567145,interseccion,True
253762318,Nodo 253762318,4.6625128,-74.0585796,interseccion,True
253845435,Nodo 253845435,4.6677942,-74.056354,interseccion,True
253846793,Nodo 253846793,4.6632578,-74.0571025,interseccion,True
253847647,Nodo 253847647,4.6649372,-74.057009,interseccion,True
253848095,Nodo 253848095,4.6623969,-74.0493685,interseccion,True
253848285,Nodo 253848285,4.662219,-74.0565096,interseccion,True
253848294,Nodo 253848294,4.6667035,-74.0559962,interseccion,True
254347517,Nodo 254347517,4.6587875,-74.0529088,interseccion,True
254530322,Nodo 254530322,4.6637691,-74.0562267,interseccion,True
254530323,Nodo 254530323,4.6618498,-74.0669136,interseccion,True
254530324,Nodo 254530324,4.6613994,-74.066232,interseccion,True
254530325,Nodo 254530325,4.656434,-74.0695925,interseccion,True
254530345,Nodo 254530345,4.6551706,-74.0551887,interseccion,True
255471027,Nodo 255471027,4.6540839,-74.0694049,interseccion,True
255471033,Nodo 255471033,4.6553902,-74.0703557,interseccion,True
255471043,Nodo 255471043,4.6643235,-74.0653553,interseccion,True
260487059,Nodo 260487059,4.6636404,-74.0622642,interseccion,True
260487068,Nodo 260487068,4.664507,-74.0617067,interseccion,True
260623191,Nodo 260623191,4.6679328,-74.0597361,interseccion,True
260627307,Nodo 260627307,4.6647561,-74.0604184,interseccion,True
261817164,Nodo 261817164,4.6536475,-74.0650121,interseccion,True
263471068,Nodo 263471068,4.652667,-74.0592187,interseccion,True
263471094,Nodo 263471094,4.660555,-74.0538342,interseccion,True
264441787,Nodo 264441787,4.6659498,-74.0588066,interseccion,True
264441789,Nodo 264441789,4.6644386,-74.0596529,interseccion,True
264552904,Nodo 264552904,4.6583546,-74.051651,interseccion,True
264552907,Nodo 264552907,4.6559605,-74.0530677,interseccion,True
264552912,Nodo 264552912,4.6543544,-74.0535828,interseccion,True
264553080,Nodo 264553080,4.653994,-74.0528642,interseccion,True
264553086,Nodo 264553086,4.6525202,-74.0509615,interseccion,True
264553120,Nodo 264553120,4.653668,-74.0520736,interseccion,True
264553123,Nodo 264553123,4.654749,-74.0515629,interseccion,True
264553463,Nodo 264553463,4.655556,-74.0522735,interseccion,True
264553464,Nodo 264553464,4.655257,-74.0516801,interseccion,True
264553465,Nodo 264553465,4.6547405,-74.050718,interseccion,True
264553634,Nodo 264553634,4.6573005,-74.0524247,interseccion,True
264553636,Nodo 264553636,4.6568812,-74.0516728,interseccion,True
264553638,Nodo 264553638,4.6562731,-74.0511529,interseccion,True
264553640,Nodo 264553640,4.6564995,-74.0508599,interseccion,True
264718124,Nodo 264718124,4.6570967,-74.056218,interseccion,True
264718187,Nodo 264718187,4.6575847,-74.0558766,interseccion,True
264718418,Nodo 264718418,4.6575745,-74.0538203,interseccion,True
264718620,Nodo 264718620,4.6584947,-74.0552667,interseccion,True
264718938,Nodo 264718938,4.6614443,-74.0532823,interseccion,True
264718942,Nodo 264718942,4.66391,-74.0516696,interseccion,True
264719943,Nodo 264719943,4.660099,-74.051577,interseccion,True
264977631,Nodo 264977631,4.6514437,-74.0553218,interseccion,True
265024857,Nodo 265024857,4.6519972,-74.0617744,interseccion,True
265024978,Nodo 265024978,4.6540923,-74.0599917,interseccion,True
265025140,Nodo 265025140,4.6545927,-74.0596449,interseccion,True
265025229,Nodo 265025229,4.6538455,-74.0584261,interseccion,True
265498547,Nodo 265498547,4.6549469,-74.055667,interseccion,True
265498776,Nodo 265498776,4.6548984,-74.0603365,interseccion,True
265498777,Nodo 265498777,4.6544999,-74.0597092,interseccion,True
265498788,Nodo 265498788,4.6539353,-74.0583621,interseccion,True
265498789,Nodo 265498789,4.6546739,-74.0595886,interseccion,True
265580300,Nodo 265580300,4.6721839,-74.0593381,interseccion,True
265580307,Nodo 265580307,4.6656705,-74.0528903,interseccion,True
265687601,Nodo 265687601,4.6636448,-74.0503207,interseccion,True
265687602,Nodo 265687602,4.6632185,-74.0505881,interseccion,True
265687653,Nodo 265687653,4.6625883,-74.0509837,interseccion,True
265687654,Nodo 265687654,4.6633088,-74.0520701,interseccion,True
265687956,Nodo 265687956,4.661852,-74.0498677,interseccion,True
265784089,Nodo 265784089,4.6646177,-74.0511481,interseccion,True
265784101,Nodo 265784101,4.6657838,-74.0496625,interseccion,True
266023850,Nodo 266023850,4.6624542,-74.0640461,interseccion,True
266891706,Nodo 266891706,4.6528156,-74.0565568,interseccion,True
266891797,Nodo 266891797,4.6513812,-74.0575555,interseccion,True
266892161,Nodo 266892161,4.6535188,-74.0578351,interseccion,True
266892197,Nodo 266892197,4.6522416,-74.058668,interseccion,True
266892205,Nodo 266892205,4.6531967,-74.0572832,interseccion,True
266892225,Nodo 266892225,4.6518303,-74.0581355,interseccion,True
266892231,Nodo 266892231,4.6536321,-74.060311,interseccion,True
267890873,Nodo 267890873,4.6660263,-74.0563652,interseccion,True
267890875,Nodo 267890875,4.6652665,-74.0552792,interseccion,True
267890876,Nodo 267890876,4.664816,-74.0546528,interseccion,True
267890877,Nodo 267890877,4.6655534,-74.0556574,interseccion,True
267890881,Nodo 267890881,4.662681,-74.0574656,interseccion,True
267890883,Nodo 267890883,4.6634781,-74.0574387,interseccion,True
267890885,Nodo 267890885,4.6642542,-74.0569649,interseccion,True
267890886,Nodo 267890886,4.6658051,-74.0560199,interseccion,True
267890887,Nodo 267890887,4.6631242,-74.0521916,interseccion,True
267890888,Nodo 267890888,4.6623663,-74.0526857,interseccion,True
267899265,Nodo 267899265,4.6669213,-74.0549244,interseccion,True
267899270,Nodo 267899270,4.6686557,-74.0539671,interseccion,True
267899271,Nodo 267899271,4.6694311,-74.0555711,interseccion,True
267899274,Nodo 267899274,4.6689679,-74.0546134,interseccion,True
267899275,Nodo 267899275,4.6691939,-74.0550808,interseccion,True
267899276,Nodo 267899276,4.667513,-74.0558934,interseccion,True
267899279,Nodo 267899279,4.664154,-74.049732,interseccion,True
267899280,Nodo 267899280,4.6651275,-74.0506528,interseccion,True
267899287,Nodo 267899287,4.6642189,-74.049654,interseccion,True
267899288,Nodo 267899288,4.6650234,-74.050412,interseccion,True
267899291,Nodo 267899291,4.6664364,-74.0541302,interseccion,True
267899293,Nodo 267899293,4.6676716,-74.0530186,interseccion,True
267899316,Nodo 267899316,4.6561342,-74.0548156,interseccion,True
267899323,Nodo 267899323,4.6597784,-74.054396,interseccion,True
267899340,Nodo 267899340,4.667743,-74.0529375,interseccion,True
267899342,Nodo 267899342,4.6684303,-74.0524148,interseccion,True
267902561,Nodo 267902561,4.6705069,-74.0539442,interseccion,True
267902562,Nodo 267902562,4.6695926,-74.05443,interseccion,True
267902565,Nodo 267902565,4.6703594,-74.0530209,interseccion,True
268083089,Nodo 268083089,4.6705726,-74.0564303,interseccion,True
268083090,Nodo 268083090,4.6706769,-74.0563618,interseccion,True
268083092,Nodo 268083092,4.6715817,-74.058512,interseccion,True
268083093,Nodo 268083093,4.6716924,-74.0584606,interseccion,True
268152908,Nodo 268152908,4.6665023,-74.06483,interseccion,True
268152921,Nodo 268152921,4.671805,-74.0696711,interseccion,True
268153039,Nodo 268153039,4.669271,-74.0634079,interseccion,True
268153045,Nodo 268153045,4.662627,-74.0664241,interseccion,True
268153063,Nodo 268153063,4.6686738,-74.0606115,interseccion,True
268230382,Nodo 268230382,4.6533079,-74.0599441,interseccion,True
268230525,Nodo 268230525,4.6526275,-74.0629836,interseccion,True
268230526,Nodo 268230526,4.6515381,-74.0608964,interseccion,True
268231703,Nodo 268231703,4.6546053,-74.0579141,interseccion,True
268231713,Nodo 268231713,4.6551582,-74.0575431,interseccion,True
268231793,Nodo 268231793,4.6546141,-74.061416,interseccion,True
268231795,Nodo 268231795,4.6545852,-74.0626256,interseccion,True
268231798,Nodo 268231798,4.6543753,-74.0619082,interseccion,True
268231809,Nodo 268231809,4.6541256,-74.0627019,interseccion,True
268231810,Nodo 268231810,4.6535093,-74.0610681,interseccion,True
268231829,Nodo 268231829,4.6538174,-74.061886,interseccion,True
268231867,Nodo 268231867,4.6578245,-74.0598375,interseccion,True
268231899,Nodo 268231899,4.6569041,-74.060447,interseccion,True
268383664,Nodo 268383664,4.6539836,-74.0688668,interseccion,True
268383722,Nodo 268383722,4.6559797,-74.049055,interseccion,True
269720678,Nodo 269720678,4.657958,-74.0500172,interseccion,True
269720739,Nodo 269720739,4.6581973,-74.0503977,interseccion,True
269720740,Nodo 269720740,4.658316,-74.0504614,interseccion,True
278365681,Nodo 278365681,4.6511931,-74.0674312,interseccion,True
283253380,Nodo 283253380,4.6562737,-74.066909,interseccion,True
283255674,Nodo 283255674,4.6614304,-74.0625506,interseccion,True
283255680,Nodo 283255680,4.6581635,-74.0645613,interseccion,True
283255682,Nodo 283255682,4.657274,-74.0651105,interseccion,True
283255690,Nodo 283255690,4.6557514,-74.0660737,interseccion,True
283342319,Nodo 283342319,4.6525852,-74.0662721,interseccion,True
283342322,Nodo 283342322,4.6530787,-74.0670773,interseccion,True
283342323,Nodo 283342323,4.6542998,-74.0705641,interseccion,True
283342324,Nodo 283342324,4.6544987,-74.0691391,interseccion,True
283342327,Nodo 283342327,4.6535784,-74.0678735,interseccion,True
283342329,Nodo 283342329,4.6514585,-74.0688009,interseccion,True
283342330,Nodo 283342330,4.6513563,-74.0682722,interseccion,True
308238253,Nodo 308238253,4.6625124,-74.0525942,interseccion,True
308238350,Nodo 308238350,4.6608391,-74.0508517,interseccion,True
308238457,Nodo 308238457,4.662129,-74.0528424,interseccion,True
308238542,Nodo 308238542,4.6607348,-74.0509613,interseccion,True
309297260,Nodo 309297260,4.6665935,-74.0507886,interseccion,True
309297320,Nodo 309297320,4.6662219,-74.0511856,interseccion,True
309297385,Nodo 309297385,4.6662409,-74.0552952,interseccion,True
309297394,Nodo 309297394,4.6722517,-74.0527504,interseccion,True
309298297,Nodo 309298297,4.6704242,-74.0558427,interseccion,True
309298536,Nodo 309298536,4.6708404,-74.0616948,interseccion,True
309298537,Nodo 309298537,4.6710516,-74.0631059,interseccion,True
309298977,Nodo 309298977,4.6588195,-74.0501716,interseccion,True
309299184,Nodo 309299184,4.6508417,-74.0543203,interseccion,True
310000051,Nodo 310000051,4.6709307,-74.0568856,interseccion,True
310000063,Nodo 310000063,4.6711924,-74.0574242,interseccion,True
310000249,Nodo 310000249,4.6575194,-74.0635797,interseccion,True
310000257,Nodo 310000257,4.6586409,-74.0633895,interseccion,True
310000260,Nodo 310000260,4.6595322,-74.0667674,interseccion,True
310666305,Nodo 310666305,4.6549316,-74.0697658,interseccion,True
310666402,Nodo 310666402,4.6532133,-74.0700625,interseccion,True
310666444,Nodo 310666444,4.6518533,-74.0663976,interseccion,True
310666529,Nodo 310666529,4.6551471,-74.0696558,interseccion,True
310666531,Nodo 310666531,4.6542489,-74.0682168,interseccion,True
310666622,Nodo 310666622,4.6554247,-74.0655671,interseccion,True
310666711,Nodo 310666711,4.6542133,-74.0649105,interseccion,True
310666712,Nodo 310666712,4.6547107,-74.0656873,interseccion,True
310666802,Nodo 310666802,4.6556857,-74.0672835,interseccion,True
311342355,Nodo 311342355,4.6523686,-74.0547465,interseccion,True
311342541,Nodo 311342541,4.6518729,-74.0550549,interseccion,True
311342544,Nodo 311342544,4.6512799,-74.0540274,interseccion,True
311361335,Nodo 311361335,4.6527643,-74.0545004,interseccion,True
311366871,Nodo 311366871,4.652624,-74.0519675,interseccion,True
311370574,Nodo 311370574,4.6575946,-74.0512757,interseccion,True
311370575,Nodo 311370575,4.6576584,-74.0510998,interseccion,True
311370730,Nodo 311370730,4.6600352,-74.0499218,interseccion,True
311370734,Nodo 311370734,4.6592457,-74.0507919,interseccion,True
311373461,Nodo 311373461,4.6638274,-74.0532114,interseccion,True
311373884,Nodo 311373884,4.6629123,-74.0523311,interseccion,True
311374412,Nodo 311374412,4.6681792,-74.0496656,interseccion,True
311374484,Nodo 311374484,4.6681052,-74.0497058,interseccion,True
311375156,Nodo 311375156,4.6716326,-74.052284,interseccion,True
312644643,Nodo 312644643,4.6690185,-74.0591111,interseccion,True
312644663,Nodo 312644663,4.6687055,-74.0586155,interseccion,True
312644664,Nodo 312644664,4.6696628,-74.0581597,interseccion,True
312644720,Nodo 312644720,4.6704863,-74.0590549,interseccion,True
312644737,Nodo 312644737,4.6698919,-74.0593617,interseccion,True
312644769,Nodo 312644769,4.6680844,-74.0576113,interseccion,True
312644985,Nodo 312644985,4.6692048,-74.0564102,interseccion,True
312644988,Nodo 312644988,4.6692803,-74.055642,interseccion,True
312645171,Nodo 312645171,4.6677727,-74.0571139,interseccion,True
312645244,Nodo 312645244,4.6656616,-74.058301,interseccion,True
312645325,Nodo 312645325,4.66624,-74.0593118,interseccion,True
312645326,Nodo 312645326,4.6683855,-74.0580981,interseccion,True
312645765,Nodo 312645765,4.667648,-74.0591973,interseccion,True
312645962,Nodo 312645962,4.6652623,-74.0598735,interseccion,True
312645997,Nodo 312645997,4.6649786,-74.0593505,interseccion,True
312645998,Nodo 312645998,4.6654093,-74.0601446,interseccion,True
312646818,Nodo 312646818,4.6618739,-74.0509608,interseccion,True
312648919,Nodo 312648919,4.6651844,-74.0520645,interseccion,True
312649085,Nodo 312649085,4.6623908,-74.0603437,interseccion,True
312649086,Nodo 312649086,4.6632692,-74.0597652,interseccion,True
312649100,Nodo 312649100,4.6616037,-74.0591973,interseccion,True
312649221,Nodo 312649221,4.6652689,-74.0647792,interseccion,True
312649222,Nodo 312649222,4.665658,-74.0653873,interseccion,True
312649269,Nodo 312649269,4.6647966,-74.0650557,interseccion,True
312649281,Nodo 312649281,4.6636647,-74.0633478,interseccion,True
312649437,Nodo 312649437,4.6678552,-74.0687836,interseccion,True
312649438,Nodo 312649438,4.6657328,-74.065477,interseccion,True
312649507,Nodo 312649507,4.6683048,-74.0683973,interseccion,True
312649509,Nodo 312649509,4.6662304,-74.0651568,interseccion,True
312649530,Nodo 312649530,4.6674415,-74.0691393,interseccion,True
312649531,Nodo 312649531,4.6652579,-74.0657825,interseccion,True
312649660,Nodo 312649660,4.6673523,-74.0643906,interseccion,True
312649661,Nodo 312649661,4.6708462,-74.0697902,interseccion,True
312649721,Nodo 312649721,4.6715106,-74.0692293,interseccion,True
312649896,Nodo 312649896,4.6669514,-74.0695435,interseccion,True
312649899,Nodo 312649899,4.6688588,-74.0679275,interseccion,True
312649901,Nodo 312649901,4.6693601,-74.0674876,interseccion,True
312649903,Nodo 312649903,4.6700216,-74.066913,interseccion,True
312650439,Nodo 312650439,4.6509031,-74.0569879,interseccion,True
312655765,Nodo 312655765,4.6566394,-74.0640879,interseccion,True
312655767,Nodo 312655767,4.6549389,-74.0647842,interseccion,True
312655769,Nodo 312655769,4.6529645,-74.0651308,interseccion,True
312655857,Nodo 312655857,4.6591324,-74.0661302,interseccion,True
312655858,Nodo 312655858,4.6586637,-74.065367,interseccion,True
312656093,Nodo 312656093,4.6560479,-74.0690477,interseccion,True
312656101,Nodo 312656101,4.6571701,-74.0683216,interseccion,True
312656102,Nodo 312656102,4.6578028,-74.0679131,interseccion,True
312656218,Nodo 312656218,4.6586584,-74.0673482,interseccion,True
312656219,Nodo 312656219,4.6603891,-74.066177,interseccion,True
312656220,Nodo 312656220,4.6610728,-74.0657377,interseccion,True
312656265,Nodo 312656265,4.660179,-74.0643851,interseccion,True
312656270,Nodo 312656270,4.6590955,-74.0627091,interseccion,True
312656380,Nodo 312656380,4.659025,-74.0640293,interseccion,True
312656381,Nodo 312656381,4.659514,-74.0648085,interseccion,True
312656382,Nodo 312656382,4.6599868,-74.0655644,interseccion,True
312656383,Nodo 312656383,4.6607098,-74.0667019,interseccion,True
312656384,Nodo 312656384,4.6615182,-74.0679967,interseccion,True
312656396,Nodo 312656396,4.6606359,-74.0685496,interseccion,True
312656397,Nodo 312656397,4.6602377,-74.0679074,interseccion,True
312656398,Nodo 312656398,4.6598585,-74.0672937,interseccion,True
312656404,Nodo 312656404,4.6611087,-74.0673606,interseccion,True
312656405,Nodo 312656405,4.6585569,-74.0689814,interseccion,True
312656406,Nodo 312656406,4.6593465,-74.0684624,interseccion,True
312656480,Nodo 312656480,4.657927,-74.0694222,interseccion,True
312656481,Nodo 312656481,4.6573172,-74.069849,interseccion,True
312656482,Nodo 312656482,4.6568485,-74.0701773,interseccion,True
312656483,Nodo 312656483,4.6562083,-74.0706254,interseccion,True
312656666,Nodo 312656666,4.6582413,-74.0702006,interseccion,True
312656926,Nodo 312656926,4.6628229,-74.0705445,interseccion,True
312657883,Nodo 312657883,4.6666316,-74.0704622,interseccion,True
312660056,Nodo 312660056,4.6615655,-74.0680969,interseccion,True
312660198,Nodo 312660198,4.6631353,-74.0661046,interseccion,True
312660201,Nodo 312660201,4.6618915,-74.0643494,interseccion,True
312660204,Nodo 312660204,4.6609139,-74.0628761,interseccion,True
312660207,Nodo 312660207,4.6614084,-74.0636211,interseccion,True
312660208,Nodo 312660208,4.662649,-74.0653897,interseccion,True
312660210,Nodo 312660210,4.6617946,-74.0654091,interseccion,True
312660426,Nodo 312660426,4.6631437,-74.0690516,interseccion,True
312660427,Nodo 312660427,4.6639806,-74.0684511,interseccion,True
312660429,Nodo 312660429,4.6642985,-74.0688706,interseccion,True
312660814,Nodo 312660814,4.6603166,-74.0688787,interseccion,True
312660844,Nodo 312660844,4.6634486,-74.0675669,interseccion,True
312660847,Nodo 312660847,4.663758,-74.0679799,interseccion,True
312660984,Nodo 312660984,4.6643879,-74.0688147,interseccion,True
312660987,Nodo 312660987,4.6640666,-74.0683918,interseccion,True
312661324,Nodo 312661324,4.6655152,-74.068688,interseccion,True
312661325,Nodo 312661325,4.6647141,-74.0692442,interseccion,True
312661326,Nodo 312661326,4.6659112,-74.0677838,interseccion,True
312661329,Nodo 312661329,4.6662301,-74.0682795,interseccion,True
312661820,Nodo 312661820,4.670531,-74.0647938,interseccion,True
312661821,Nodo 312661821,4.6701901,-74.0650129,interseccion,True
312661822,Nodo 312661822,4.6692023,-74.0656427,interseccion,True
312661823,Nodo 312661823,4.6684729,-74.0661172,interseccion,True
312661824,Nodo 312661824,4.6678329,-74.0665336,interseccion,True
312661825,Nodo 312661825,4.6673431,-74.0668523,interseccion,True
312661826,Nodo 312661826,4.6668298,-74.0671862,interseccion,True
312661827,Nodo 312661827,4.6663664,-74.0674877,interseccion,True
312661858,Nodo 312661858,4.6704282,-74.0701322,interseccion,True
312661870,Nodo 312661870,4.6681618,-74.0670354,interseccion,True
312661871,Nodo 312661871,4.6684554,-74.0673886,interseccion,True
312661873,Nodo 312661873,4.669252,-74.0684803,interseccion,True
312661874,Nodo 312661874,4.6696521,-74.0690344,interseccion,True
312661875,Nodo 312661875,4.6700397,-74.0695926,interseccion,True
312661925,Nodo 312661925,4.6715623,-74.0656329,interseccion,True
312661928,Nodo 312661928,4.6708875,-74.0661543,interseccion,True
312662078,Nodo 312662078,4.6712705,-74.0667738,interseccion,True
312662079,Nodo 312662079,4.6704056,-74.0675059,interseccion,True
312662080,Nodo 312662080,4.6697333,-74.0680732,interseccion,True
312662082,Nodo 312662082,4.6672853,-74.0699766,interseccion,True
312662154,Nodo 312662154,4.6716079,-74.0673461,interseccion,True
312662155,Nodo 312662155,4.6707808,-74.0680846,interseccion,True
312662156,Nodo 312662156,4.6701165,-74.0686459,interseccion,True
312662157,Nodo 312662157,4.6684966,-74.069769,interseccion,True
312662158,Nodo 312662158,4.6676407,-74.0704296,interseccion,True
312662292,Nodo 312662292,4.6711424,-74.0686566,interseccion,True
312662293,Nodo 312662293,4.6704847,-74.069223,interseccion,True
312662473,Nodo 312662473,4.669019,-74.0694276,interseccion,True
312662632,Nodo 312662632,4.6688203,-74.0702559,interseccion,True
312662633,Nodo 312662633,4.6693051,-74.0698759,interseccion,True
312662782,Nodo 312662782,4.6698375,-74.0700563,interseccion,True
312662920,Nodo 312662920,4.6696476,-74.0663377,interseccion,True
312662921,Nodo 312662921,4.6689912,-74.0669191,interseccion,True
312662922,Nodo 312662922,4.667932,-74.0678174,interseccion,True
312662923,Nodo 312662923,4.6674747,-74.0681908,interseccion,True
312662925,Nodo 312662925,4.6670687,-74.0685372,interseccion,True
312663001,Nodo 312663001,4.6688753,-74.0651373,interseccion,True
312663002,Nodo 312663002,4.6681458,-74.0656067,interseccion,True
312663003,Nodo 312663003,4.6675076,-74.066027,interseccion,True
312663004,Nodo 312663004,4.6670145,-74.0663544,interseccion,True
312663005,Nodo 312663005,4.6665062,-74.066682,interseccion,True
312663006,Nodo 312663006,4.6660394,-74.0669903,interseccion,True
312663007,Nodo 312663007,4.6656199,-74.0673311,interseccion,True
312663044,Nodo 312663044,4.6671758,-74.065529,interseccion,True
312663045,Nodo 312663045,4.6685525,-74.0646407,interseccion,True
312663046,Nodo 312663046,4.6678187,-74.0651142,interseccion,True
312663047,Nodo 312663047,4.6666781,-74.0658501,interseccion,True
312663048,Nodo 312663048,4.666179,-74.0661721,interseccion,True
312663049,Nodo 312663049,4.665705,-74.066478,interseccion,True
312663050,Nodo 312663050,4.6653329,-74.0668849,interseccion,True
312663066,Nodo 312663066,4.6650664,-74.0664706,interseccion,True
312663078,Nodo 312663078,4.6640513,-74.0665555,interseccion,True
314145160,Nodo 314145160,4.670539,-74.0655693,interseccion,True
314145162,Nodo 314145162,4.6719805,-74.0679376,interseccion,True
314145164,Nodo 314145164,4.6723428,-74.0685133,interseccion,True
314145295,Nodo 314145295,4.671892,-74.0658992,interseccion,True
314145536,Nodo 314145536,4.6678782,-74.0622788,interseccion,True
314145669,Nodo 314145669,4.6678841,-74.0620149,interseccion,True
314146038,Nodo 314146038,4.6706294,-74.0602826,interseccion,True
314146079,Nodo 314146079,4.6707056,-74.0607924,interseccion,True
314146150,Nodo 314146150,4.672269,-74.0614566,interseccion,True
314146484,Nodo 314146484,4.6713429,-74.0631999,interseccion,True
327871421,Nodo 327871421,4.6698481,-74.0567673,interseccion,True
327915650,Nodo 327915650,4.6710785,-74.0574827,interseccion,True
327915816,Nodo 327915816,4.6708175,-74.0569396,interseccion,True
327916030,Nodo 327916030,4.6699947,-74.0580016,interseccion,True
339058332,Nodo 339058332,4.6664213,-74.068703,interseccion,True
339058335,Nodo 339058335,4.6650298,-74.0696598,interseccion,True
339058337,Nodo 339058337,4.6646223,-74.0693029,interseccion,True
354855989,Nodo 354855989,4.6656342,-74.0634714,interseccion,True
354855992,Nodo 354855992,4.6637727,-74.0644877,interseccion,True
354855993,Nodo 354855993,4.6630542,-74.0649363,interseccion,True
354856189,Nodo 354856189,4.6634724,-74.0623723,interseccion,True
354856190,Nodo 354856190,4.6633084,-74.0637776,interseccion,True
354856250,Nodo 354856250,4.6671704,-74.0624685,interseccion,True
354856252,Nodo 354856252,4.6680119,-74.0638275,interseccion,True
354856271,Nodo 354856271,4.6668414,-74.0626866,interseccion,True
354856272,Nodo 354856272,4.6662229,-74.0617103,interseccion,True
354856338,Nodo 354856338,4.6657948,-74.061984,interseccion,True
354856340,Nodo 354856340,4.6641455,-74.0630397,interseccion,True
354856341,Nodo 354856341,4.6633919,-74.0635226,interseccion,True
354856368,Nodo 354856368,4.6653929,-74.0622409,interseccion,True
361323635,Nodo 361323635,4.671669,-74.0606558,interseccion,True
373293506,Nodo 373293506,4.6634315,-74.0619435,interseccion,True
373376108,Nodo 373376108,4.6562179,-74.0634086,interseccion,True
373376115,Nodo 373376115,4.656666,-74.0631316,interseccion,True
373376121,Nodo 373376121,4.6585061,-74.0628116,interseccion,True
373376129,Nodo 373376129,4.6598223,-74.0625827,interseccion,True
373376217,Nodo 373376217,4.6586102,-74.0642854,interseccion,True
373376219,Nodo 373376219,4.6590948,-74.0650837,interseccion,True
373376223,Nodo 373376223,4.6595759,-74.0658352,interseccion,True
373376286,Nodo 373376286,4.6594208,-74.0632565,interseccion,True
373376440,Nodo 373376440,4.6576929,-74.0648518,interseccion,True
373376512,Nodo 373376512,4.6579447,-74.0642068,interseccion,True
373376541,Nodo 373376541,4.6587958,-74.0636885,interseccion,True
373376601,Nodo 373376601,4.6587049,-74.0664146,interseccion,True
373376644,Nodo 373376644,4.6582248,-74.0656504,interseccion,True
373377101,Nodo 373377101,4.6574469,-74.0643386,interseccion,True
373377103,Nodo 373377103,4.6571037,-74.0637977,interseccion,True
373377289,Nodo 373377289,4.6560531,-74.0651735,interseccion,True
373377291,Nodo 373377291,4.656975,-74.0646286,interseccion,True
373377512,Nodo 373377512,4.657346,-74.0662087,interseccion,True
373377513,Nodo 373377513,4.6578476,-74.0669847,interseccion,True
373377848,Nodo 373377848,4.6583429,-74.0700182,interseccion,True
373377963,Nodo 373377963,4.6551424,-74.0664473,interseccion,True
375476085,Nodo 375476085,4.6700693,-74.0508956,interseccion,True
375478380,Nodo 375478380,4.6619373,-74.0633045,interseccion,True
375478832,Nodo 375478832,4.6633978,-74.0624175,interseccion,True
375480121,Nodo 375480121,4.6621473,-74.0657331,interseccion,True
377918731,Nodo 377918731,4.6642835,-74.0514117,interseccion,True
389158752,Nodo 389158752,4.6713319,-74.057995,interseccion,True
432495016,Nodo 432495016,4.6508792,-74.056289,interseccion,True
433136408,Nodo 433136408,4.6517522,-74.0537117,interseccion,True
433136426,Nodo 433136426,4.653272,-74.0541748,interseccion,True
434946794,Nodo 434946794,4.6719642,-74.0590209,interseccion,True
434947579,Nodo 434947579,4.6698503,-74.0617764,interseccion,True
435197550,Nodo 435197550,4.6536022,-74.0539687,interseccion,True
435197551,Nodo 435197551,4.6537246,-74.0538898,interseccion,True
435197561,Nodo 435197561,4.6522434,-74.0556717,interseccion,True
435197562,Nodo 435197562,4.6518183,-74.0559456,interseccion,True
435197564,Nodo 435197564,4.6509589,-74.0556296,interseccion,True
439749230,Nodo 439749230,4.6509648,-74.0512744,interseccion,True
439749236,Nodo 439749236,4.651478,-74.0501037,interseccion,True
439752067,Nodo 439752067,4.6592697,-74.0536331,interseccion,True
439752068,Nodo 439752068,4.6580152,-74.0545062,interseccion,True
441217422,Nodo 441217422,4.6570504,-74.0527626,interseccion,True
441217423,Nodo 441217423,4.6569396,-74.0525898,interseccion,True
441217424,Nodo 441217424,4.6557619,-74.0514178,interseccion,True
441217425,Nodo 441217425,4.6511966,-74.0497587,interseccion,True
441217432,Nodo 441217432,4.6523966,-74.0501757,interseccion,True
441217462,Nodo 441217462,4.6547904,-74.0519071,interseccion,True
441217463,Nodo 441217463,4.6555217,-74.0509449,interseccion,True
441217466,Nodo 441217466,4.6571939,-74.0522814,interseccion,True
441217487,Nodo 441217487,4.6568024,-74.0503027,interseccion,True
449727343,Nodo 449727343,4.6519627,-74.0588582,interseccion,True
450845438,Nodo 450845438,4.6616374,-74.0491059,interseccion,True
450845513,Nodo 450845513,4.6577541,-74.0513853,interseccion,True
450845528,Nodo 450845528,4.6592751,-74.051779,interseccion,True
450845535,Nodo 450845535,4.6578383,-74.0495802,interseccion,True
450845537,Nodo 450845537,4.6577199,-74.0496177,interseccion,True
450845539,Nodo 450845539,4.6574323,-74.0497163,interseccion,True
450845645,Nodo 450845645,4.6564617,-74.052823,interseccion,True
450845652,Nodo 450845652,4.6561806,-74.051981,interseccion,True
452556899,Nodo 452556899,4.6698462,-74.0499872,interseccion,True
452556902,Nodo 452556902,4.669922,-74.0499352,interseccion,True
452556935,Nodo 452556935,4.6563848,-74.0508264,interseccion,True
460921936,Nodo 460921936,4.6529037,-74.0505316,interseccion,True
465823484,Nodo 465823484,4.6612657,-74.0504048,interseccion,True
465823587,Nodo 465823587,4.6619269,-74.051899,interseccion,True
465823593,Nodo 465823593,4.661586,-74.0521929,interseccion,True
465823598,Nodo 465823598,4.6614813,-74.0520676,interseccion,True
465823604,Nodo 465823604,4.6618166,-74.051768,interseccion,True
465823640,Nodo 465823640,4.6610683,-74.0513348,interseccion,True
465823668,Nodo 465823668,4.6611789,-74.0512476,interseccion,True
465823710,Nodo 465823710,4.6686933,-74.0507863,interseccion,True
489190711,Nodo 489190711,4.6626382,-74.0700245,interseccion,True
489190793,Nodo 489190793,4.6593528,-74.0700545,interseccion,True
489190852,Nodo 489190852,4.6585197,-74.0706057,interseccion,True
498602113,Nodo 498602113,4.6535761,-74.066988,interseccion,True
498602117,Nodo 498602117,4.6531593,-74.0661738,interseccion,True
498602475,Nodo 498602475,4.6530703,-74.0656542,interseccion,True
498602498,Nodo 498602498,4.6522883,-74.0657881,interseccion,True
498604658,Nodo 498604658,4.6508544,-74.0655168,interseccion,True
498604661,Nodo 498604661,4.6510353,-74.0665378,interseccion,True
498604664,Nodo 498604664,4.6516598,-74.0698423,interseccion,True
498604669,Nodo 498604669,4.651752,-74.0703195,interseccion,True
500963205,Nodo 500963205,4.6664251,-74.0629542,interseccion,True
500963208,Nodo 500963208,4.6674445,-74.0622833,interseccion,True
500963758,Nodo 500963758,4.668204,-74.062904,interseccion,True
500963759,Nodo 500963759,4.6676649,-74.0632444,interseccion,True
500963760,Nodo 500963760,4.6669326,-74.0637068,interseccion,True
501588557,Nodo 501588557,4.6697432,-74.05218,interseccion,True
501594850,Nodo 501594850,4.6692733,-74.051854,interseccion,True
678455692,Nodo 678455692,4.6551226,-74.063604,interseccion,True
693951507,Nodo 693951507,4.6581551,-74.0565553,interseccion,True
693951509,Nodo 693951509,4.6575855,-74.0569311,interseccion,True
730533699,Nodo 730533699,4.6703453,-74.049789,interseccion,True
730533732,Nodo 730533732,4.6696365,-74.050287,interseccion,True
761701288,Nodo 761701288,4.6522075,-74.0594555,interseccion,True
761701366,Nodo 761701366,4.6527268,-74.0602608,interseccion,True
761884448,Nodo 761884448,4.6531749,-74.0588771,interseccion,True
761884449,Nodo 761884449,4.6533376,-74.0587677,interseccion,True
775386685,Nodo 775386685,4.6688989,-74.0618902,interseccion,True
775387073,Nodo 775387073,4.669632,-74.0617997,interseccion,True
775387213,Nodo 775387213,4.6709051,-74.0621263,interseccion,True
775387251,Nodo 775387251,4.6703262,-74.0617365,interseccion,True
803824122,Nodo 803824122,4.6668804,-74.0589565,interseccion,True
826233860,Nodo 826233860,4.6665539,-74.0540392,interseccion,True
826353035,Nodo 826353035,4.6523117,-74.0652443,interseccion,True
826353151,Nodo 826353151,4.6532054,-74.0650889,interseccion,True
826353234,Nodo 826353234,4.652747,-74.0651686,interseccion,True
830760481,Nodo 830760481,4.6538403,-74.0596455,interseccion,True
851224184,Nodo 851224184,4.6643526,-74.0597013,interseccion,True
851224198,Nodo 851224198,4.6638553,-74.0606851,interseccion,True
851224205,Nodo 851224205,4.6648681,-74.060236,interseccion,True
851251645,Nodo 851251645,4.6675794,-74.0620281,interseccion,True
851251660,Nodo 851251660,4.6683578,-74.0611781,interseccion,True
852230584,Nodo 852230584,4.6526744,-74.0606813,interseccion,True
852230641,Nodo 852230641,4.6523838,-74.0608403,interseccion,True
852230647,Nodo 852230647,4.6619747,-74.0554919,interseccion,True
852230670,Nodo 852230670,4.6686176,-74.0559533,interseccion,True
852230694,Nodo 852230694,4.6599834,-74.0568374,interseccion,True
852230734,Nodo 852230734,4.6683834,-74.055464,interseccion,True
859648252,Nodo 859648252,4.6633793,-74.060238,interseccion,True
859648253,Nodo 859648253,4.6626293,-74.0606911,interseccion,True
865639668,Nodo 865639668,4.6664361,-74.061574,interseccion,True
881725668,Nodo 881725668,4.671991,-74.0629941,interseccion,True
884884200,Nodo 884884200,4.670527,-74.0535433,interseccion,True
884894310,Nodo 884894310,4.6652087,-74.0656775,interseccion,True
884896421,Nodo 884896421,4.6646204,-74.0527546,interseccion,True
884899053,Nodo 884899053,4.6620689,-74.0658049,interseccion,True
884900212,Nodo 884900212,4.6636705,-74.0680419,interseccion,True
889749397,Nodo 889749397,4.6523985,-74.0630236,interseccion,True
889749413,Nodo 889749413,4.6562129,-74.0594274,interseccion,True
903701516,Nodo 903701516,4.6672937,-74.0642848,interseccion,True
903701526,Nodo 903701526,4.6695305,-74.0639858,interseccion,True
907676719,Nodo 907676719,4.6640725,-74.0619863,interseccion,True
926762733,Nodo 926762733,4.6577197,-74.0704257,interseccion,True
926763115,Nodo 926763115,4.656906,-74.0692533,interseccion,True
926763206,Nodo 926763206,4.659758,-74.0691045,interseccion,True
928172476,Nodo 928172476,4.6718289,-74.0615331,interseccion,True
928172485,Nodo 928172485,4.6707661,-74.0611968,interseccion,True
928172488,Nodo 928172488,4.6717387,-74.0610386,interseccion,True
930040906,Nodo 930040906,4.6709329,-74.0704088,interseccion,True
956648525,Nodo 956648525,4.6660984,-74.0651029,interseccion,True
956648536,Nodo 956648536,4.6656971,-74.0645091,interseccion,True
968370515,Nodo 968370515,4.6662989,-74.0627599,interseccion,True
968370526,Nodo 968370526,4.6655074,-74.0632729,interseccion,True
968370554,Nodo 968370554,4.6658806,-74.0630162,interseccion,True
968370600,Nodo 968370600,4.6655612,-74.0633572,interseccion,True
1010415613,Nodo 1010415613,4.6552689,-74.0703998,interseccion,True
1025325610,Nodo 1025325610,4.6720305,-74.05637,interseccion,True
1025325613,Nodo 1025325613,4.672339,-74.0562247,interseccion,True
1038604575,Nodo 1038604575,4.6660674,-74.0513794,interseccion,True
1038604576,Nodo 1038604576,4.6659933,-74.0514584,interseccion,True
1038727554,Nodo 1038727554,4.6553242,-74.0591737,interseccion,True
1041714527,Nodo 1041714527,4.6547763,-74.0689573,interseccion,True
1041714548,Nodo 1041714548,4.6524281,-74.0697036,interseccion,True
1041714555,Nodo 1041714555,4.6520054,-74.0672787,interseccion,True
1041714566,Nodo 1041714566,4.6521521,-74.068129,interseccion,True
1041714598,Nodo 1041714598,4.6523311,-74.069166,interseccion,True
1041714606,Nodo 1041714606,4.6541749,-74.0698937,interseccion,True
1041714613,Nodo 1041714613,4.6530308,-74.0690393,interseccion,True
1041714620,Nodo 1041714620,4.6531268,-74.0695775,interseccion,True
1041714652,Nodo 1041714652,4.6515562,-74.0693064,interseccion,True
1041714673,Nodo 1041714673,4.6522423,-74.0686517,interseccion,True
1041714677,Nodo 1041714677,4.652515,-74.0701853,interseccion,True
1041714704,Nodo 1041714704,4.6528461,-74.068004,interseccion,True
1041714708,Nodo 1041714708,4.6529411,-74.0685195,interseccion,True
1041859300,Nodo 1041859300,4.6623953,-74.0695148,interseccion,True
1041859313,Nodo 1041859313,4.6606888,-74.0693531,interseccion,True
1041859324,Nodo 1041859324,4.6634479,-74.0694706,interseccion,True
1041859333,Nodo 1041859333,4.6589894,-74.0678688,interseccion,True
1041859337,Nodo 1041859337,4.6636307,-74.0657918,interseccion,True
1041859381,Nodo 1041859381,4.6649998,-74.0624934,interseccion,True
1048734067,Nodo 1048734067,4.6645745,-74.0627647,interseccion,True
1806334375,Nodo 1806334375,4.6544592,-74.0640513,interseccion,True
1847559927,Nodo 1847559927,4.6649393,-74.0697241,interseccion,True
1847559932,Nodo 1847559932,4.6621536,-74.0690273,interseccion,True
1847559948,Nodo 1847559948,4.6618623,-74.068571,interseccion,True
1847559956,Nodo 1847559956,4.6610107,-74.0697913,interseccion,True
1855061090,Nodo 1855061090,4.6676557,-74.0673646,interseccion,True
1855061091,Nodo 1855061091,4.6687947,-74.0666213,interseccion,True
1873784300,Nodo 1873784300,4.6717224,-74.0615517,interseccion,True
1890569403,Nodo 1890569403,4.6601722,-74.0688402,interseccion,True
1890569405,Nodo 1890569405,4.6597586,-74.0682156,interseccion,True
1890569407,Nodo 1890569407,4.6610572,-74.0682873,interseccion,True
1890569410,Nodo 1890569410,4.6606636,-74.067665,interseccion,True
1892690049,Nodo 1892690049,4.6671569,-74.0676957,interseccion,True
1892690050,Nodo 1892690050,4.6701109,-74.0704026,interseccion,True
1892690051,Nodo 1892690051,4.6697154,-74.0698682,interseccion,True
1892690055,Nodo 1892690055,4.6681796,-74.0693045,interseccion,True
1892690056,Nodo 1892690056,4.6676216,-74.0689845,interseccion,True
1892690057,Nodo 1892690057,4.6666977,-74.0679848,interseccion,True
1942092486,Nodo 1942092486,4.6552261,-74.0701858,interseccion,True
1942092499,Nodo 1942092499,4.6539723,-74.0669169,interseccion,True
1942092503,Nodo 1942092503,4.6537171,-74.066075,interseccion,True
1942092507,Nodo 1942092507,4.6542466,-74.067392,interseccion,True
2007238281,Nodo 2007238281,4.6635855,-74.0593549,interseccion,True
2007238282,Nodo 2007238282,4.6631655,-74.0596025,interseccion,True
2045404055,Nodo 2045404055,4.6587274,-74.0528186,interseccion,True
2180186978,Nodo 2180186978,4.6686562,-74.059922,interseccion,True
2180187000,Nodo 2180187000,4.668566,-74.0595605,interseccion,True
2313540150,Nodo 2313540150,4.6513278,-74.0604935,interseccion,True
2313710246,Nodo 2313710246,4.651125,-74.0601049,interseccion,True
2313710248,Nodo 2313710248,4.6519568,-74.0601626,interseccion,True
2533080950,Nodo 2533080950,4.6696481,-74.0604577,interseccion,True
2807665507,Nodo 2807665507,4.6535907,-74.0577898,interseccion,True
2807665508,Nodo 2807665508,4.6532646,-74.0572409,interseccion,True
2807673245,Nodo 2807673245,4.6518921,-74.063112,interseccion,True
2807673252,Nodo 2807673252,4.6554566,-74.0607812,interseccion,True
2807673253,Nodo 2807673253,4.6557851,-74.0612166,interseccion,True
2807673254,Nodo 2807673254,4.6557054,-74.0611109,interseccion,True
2807673255,Nodo 2807673255,4.6572524,-74.0609668,interseccion,True
2807673256,Nodo 2807673256,4.6577669,-74.0606154,interseccion,True
2807673261,Nodo 2807673261,4.658447,-74.0619303,interseccion,True
2807693383,Nodo 2807693383,4.662515,-74.0562899,interseccion,True
2807693386,Nodo 2807693386,4.6633223,-74.0572009,interseccion,True
2807693387,Nodo 2807693387,4.6627426,-74.0575618,interseccion,True
2807693397,Nodo 2807693397,4.6655049,-74.0530646,interseccion,True
2807695216,Nodo 2807695216,4.6681702,-74.0550071,interseccion,True
2808920237,Nodo 2808920237,4.6693607,-74.0518115,interseccion,True
2811229875,Nodo 2811229875,4.6702469,-74.0521968,interseccion,True
2815920114,Nodo 2815920114,4.6508984,-74.0536512,interseccion,True
2815920118,Nodo 2815920118,4.6530387,-74.0533732,interseccion,True
2815920119,Nodo 2815920119,4.6530545,-74.0529776,interseccion,True
2815920123,Nodo 2815920123,4.6532808,-74.0534524,interseccion,True
2822810491,Nodo 2822810491,4.6546068,-74.0497487,interseccion,True
2822810518,Nodo 2822810518,4.6546615,-74.049717,interseccion,True
2822810522,Nodo 2822810522,4.6549826,-74.0503295,interseccion,True
2822810532,Nodo 2822810532,4.6610109,-74.0496424,interseccion,True
2861241572,Nodo 2861241572,4.6719684,-74.0661561,interseccion,True
2862531835,Nodo 2862531835,4.6547728,-74.0704807,interseccion,True
2862531837,Nodo 2862531837,4.6558106,-74.0700551,interseccion,True
2862531849,Nodo 2862531849,4.6622613,-74.0675363,interseccion,True
2862531856,Nodo 2862531856,4.6624363,-74.0624439,interseccion,True
2862531857,Nodo 2862531857,4.6627962,-74.0622215,interseccion,True
2862531863,Nodo 2862531863,4.6650068,-74.0643698,interseccion,True
2862531864,Nodo 2862531864,4.6645339,-74.06467,interseccion,True
2862531870,Nodo 2862531870,4.6658443,-74.0610399,interseccion,True
2862666193,Nodo 2862666193,4.6702295,-74.0608599,interseccion,True
2862666195,Nodo 2862666195,4.669274,-74.0609667,interseccion,True
3196497180,Nodo 3196497180,4.6570558,-74.0540414,interseccion,True
3196497181,Nodo 3196497181,4.6567419,-74.054257,interseccion,True
3196497182,Nodo 3196497182,4.6580764,-74.0533405,interseccion,True
3197009590,Nodo 3197009590,4.6594,-74.052182,interseccion,True
3197009592,Nodo 3197009592,4.6611821,-74.0503189,interseccion,True
3197029612,Nodo 3197029612,4.6620329,-74.0495358,interseccion,True
3273685738,Nodo 3273685738,4.6715582,-74.052319,interseccion,True
3273727337,Nodo 3273727337,4.6706671,-74.0506031,interseccion,True
3353441402,Nodo 3353441402,4.670326,-74.0522019,interseccion,True
3510542720,Nodo 3510542720,4.65461,-74.0496587,interseccion,True
3510543811,Nodo 3510543811,4.6536608,-74.0502081,interseccion,True
3510543813,Nodo 3510543813,4.6555306,-74.0499706,interseccion,True
3510543814,Nodo 3510543814,4.6578285,-74.0496839,interseccion,True
3510543816,Nodo 3510543816,4.6597117,-74.0490556,interseccion,True
3510790597,Nodo 3510790597,4.6525073,-74.0516842,interseccion,True
3511346216,Nodo 3511346216,4.650903,-74.0502074,interseccion,True
3511347700,Nodo 3511347700,4.6553311,-74.0504481,interseccion,True
3511348996,Nodo 3511348996,4.6553786,-74.0504264,interseccion,True
3526449116,Nodo 3526449116,4.6540685,-74.0556272,interseccion,True
3539023323,Nodo 3539023323,4.6672535,-74.0554685,interseccion,True
3539023324,Nodo 3539023324,4.6673541,-74.0556333,interseccion,True
3582215693,Nodo 3582215693,4.663517,-74.0601541,interseccion,True
3582216695,Nodo 3582216695,4.6634942,-74.0620397,interseccion,True
3582229694,Nodo 3582229694,4.6563382,-74.0608049,interseccion,True
3582229695,Nodo 3582229695,4.6563762,-74.0608615,interseccion,True
3642899689,Nodo 3642899689,4.6627983,-74.0686406,interseccion,True
3665185928,Nodo 3665185928,4.6632681,-74.058041,interseccion,True
3705876603,Nodo 3705876603,4.6657095,-74.0529534,interseccion,True
3850795880,Nodo 3850795880,4.6652571,-74.0667671,interseccion,True
3861884463,Nodo 3861884463,4.6551831,-74.0556972,interseccion,True
3874228622,Nodo 3874228622,4.6526906,-74.0671501,interseccion,True
3879238831,Nodo 3879238831,4.6680109,-74.0600875,interseccion,True
3883728819,Nodo 3883728819,4.6714518,-74.0641666,interseccion,True
3885544407,Nodo 3885544407,4.6667902,-74.0612125,interseccion,True
3889577672,Nodo 3889577672,4.666191,-74.0682187,interseccion,True
3894496011,Nodo 3894496011,4.6559806,-74.0628161,interseccion,True
3896037446,Nodo 3896037446,4.6597257,-74.07057,interseccion,True
3896037447,Nodo 3896037447,4.6597529,-74.0706076,interseccion,True
3938583880,Nodo 3938583880,4.6527407,-74.0564492,interseccion,True
3938583881,Nodo 3938583881,4.652289,-74.056729,interseccion,True
3938583883,Nodo 3938583883,4.6518171,-74.0570412,interseccion,True
3938583884,Nodo 3938583884,4.6511712,-74.0576014,interseccion,True
3938622448,Nodo 3938622448,4.6536164,-74.0559019,interseccion,True
4076489300,Nodo 4076489300,4.6586501,-74.0493007,interseccion,True
4147203407,Nodo 4147203407,4.6573746,-74.0630084,interseccion,True
4160411154,Nodo 4160411154,4.6686911,-74.0635498,interseccion,True
5102158168,Nodo 5102158168,4.6538915,-74.0683725,interseccion,True
5105816008,Nodo 5105816008,4.6526865,-74.0564813,interseccion,True
5105816016,Nodo 5105816016,4.6527571,-74.056593,interseccion,True
5105853686,Nodo 5105853686,4.6531633,-74.0532172,interseccion,True
5106063296,Nodo 5106063296,4.6523992,-74.0518268,interseccion,True
5106175952,Nodo 5106175952,4.6529055,-74.0607577,interseccion,True
5106387334,Nodo 5106387334,4.6594212,-74.0701491,interseccion,True
5106387352,Nodo 5106387352,4.6607772,-74.0652828,interseccion,True
5108100509,Nodo 5108100509,4.6683919,-74.0635855,interseccion,True
5108556092,Nodo 5108556092,4.6662602,-74.061066,interseccion,True
5108556106,Nodo 5108556106,4.6668223,-74.0617883,interseccion,True
5108574984,Nodo 5108574984,4.6696067,-74.0636927,interseccion,True
5113324352,Nodo 5113324352,4.6648956,-74.0606782,interseccion,True
5113324383,Nodo 5113324383,4.6682542,-74.0600374,interseccion,True
5113425921,Nodo 5113425921,4.6701303,-74.0508796,interseccion,True
5113425931,Nodo 5113425931,4.67075,-74.0505584,interseccion,True
5113425991,Nodo 5113425991,4.6704181,-74.0528372,interseccion,True
5113654924,Nodo 5113654924,4.6710474,-74.0700978,interseccion,True
5113798176,Nodo 5113798176,4.657518,-74.0646508,interseccion,True
5133139632,Nodo 5133139632,4.6671686,-74.0502643,interseccion,True
5133179558,Nodo 5133179558,4.654747,-74.0595379,interseccion,True
5143754204,Nodo 5143754204,4.6576383,-74.0648855,interseccion,True
5145689454,Nodo 5145689454,4.6613466,-74.0652659,interseccion,True
5146342123,Nodo 5146342123,4.6637696,-74.0667307,interseccion,True
5146342124,Nodo 5146342124,4.6637024,-74.0666309,interseccion,True
5218821394,Nodo 5218821394,4.6511817,-74.0621475,interseccion,True
5385019319,Nodo 5385019319,4.6545927,-74.0555173,interseccion,True
5449073430,Nodo 5449073430,4.6606605,-74.0651138,interseccion,True
5539186912,Nodo 5539186912,4.6680827,-74.0639267,interseccion,True
5539187633,Nodo 5539187633,4.6703263,-74.0633298,interseccion,True
5539187636,Nodo 5539187636,4.6707645,-74.0632634,interseccion,True
5592759375,Nodo 5592759375,4.6593036,-74.0510574,interseccion,True
5686336975,Nodo 5686336975,4.6554138,-74.055228,interseccion,True
5686336987,Nodo 5686336987,4.6545253,-74.0553894,interseccion,True
5686336993,Nodo 5686336993,4.6546888,-74.0550991,interseccion,True
5686336996,Nodo 5686336996,4.6550526,-74.0552258,interseccion,True
5709996738,Nodo 5709996738,4.6666031,-74.0599363,interseccion,True
5719108257,Nodo 5719108257,4.6678807,-74.0621074,interseccion,True
5719108277,Nodo 5719108277,4.6711978,-74.0601931,interseccion,True
5719114304,Nodo 5719114304,4.6634301,-74.0629722,interseccion,True
5719114305,Nodo 5719114305,4.6633616,-74.0629699,interseccion,True
6064115403,Nodo 6064115403,4.6704384,-74.0529779,interseccion,True
6150242491,Nodo 6150242491,4.654038,-74.0642838,interseccion,True
6366922438,Nodo 6366922438,4.6664838,-74.0539192,interseccion,True
6366922443,Nodo 6366922443,4.6663617,-74.0540098,interseccion,True
6906306853,Nodo 6906306853,4.6723138,-74.0666612,interseccion,True
7596046159,Nodo 7596046159,4.6563054,-74.0607561,interseccion,True
7596046161,Nodo 7596046161,4.6565337,-74.0632256,interseccion,True
7596155969,Nodo 7596155969,4.6546174,-74.065703,interseccion,True
7603122596,Nodo 7603122596,4.6556237,-74.069787,interseccion,True
7732802571,Nodo 7732802571,4.6684816,-74.063127,interseccion,True
7805131244,Nodo 7805131244,4.6517186,-74.0597846,interseccion,True
7814108392,Nodo 7814108392,4.6542523,-74.0637392,interseccion,True
7989820878,Nodo 7989820878,4.6665642,-74.0649274,interseccion,True
7989874516,Nodo 7989874516,4.6616573,-74.0652109,interseccion,True
7989874524,Nodo 7989874524,4.6625369,-74.0664801,interseccion,True
7989874536,Nodo 7989874536,4.6633236,-74.0635664,interseccion,True
7989874563,Nodo 7989874563,4.6535591,-74.0560812,interseccion,True
7989874568,Nodo 7989874568,4.6565347,-74.0576254,interseccion,True
7989874572,Nodo 7989874572,4.6563344,-74.0576605,interseccion,True
7989874580,Nodo 7989874580,4.6531123,-74.0537768,interseccion,True
7989874583,Nodo 7989874583,4.6546068,-74.0551512,interseccion,True
7989874617,Nodo 7989874617,4.6533075,-74.053135,interseccion,True
7989874619,Nodo 7989874619,4.6530764,-74.0530253,interseccion,True
7989874686,Nodo 7989874686,4.6593446,-74.0522328,interseccion,True
7989874704,Nodo 7989874704,4.6581826,-74.0505054,interseccion,True
7989874740,Nodo 7989874740,4.6649563,-74.0504851,interseccion,True
7989874750,Nodo 7989874750,4.6651966,-74.0505793,interseccion,True
7989948688,Nodo 7989948688,4.6635168,-74.0578584,interseccion,True
7989981699,Nodo 7989981699,4.6684506,-74.0627373,interseccion,True
7990039788,Nodo 7990039788,4.6700427,-74.0508537,interseccion,True
7990039802,Nodo 7990039802,4.6701118,-74.0508094,interseccion,True
7990039809,Nodo 7990039809,4.6707182,-74.0504956,interseccion,True
7990226352,Nodo 7990226352,4.6719878,-74.0593737,interseccion,True
7990226357,Nodo 7990226357,4.6695842,-74.0562438,interseccion,True
7995798066,Nodo 7995798066,4.6516944,-74.0631465,interseccion,True
7997515501,Nodo 7997515501,4.6530087,-74.063737,interseccion,True
8169413607,Nodo 8169413607,4.6690762,-74.0636051,interseccion,True
8476011673,Nodo 8476011673,4.6573484,-74.0706697,interseccion,True
9307517363,Nodo 9307517363,4.653183,-74.0641155,interseccion,True
9322208681,Nodo 9322208681,4.6701323,-74.0508746,interseccion,True
9324820999,Nodo 9324820999,4.6512623,-74.0554347,interseccion,True
9368025350,Nodo 9368025350,4.6638498,-74.0532421,interseccion,True
9368025351,Nodo 9368025351,4.6646356,-74.0527795,interseccion,True
9377155921,Nodo 9377155921,4.6698338,-74.0616684,interseccion,True
9377158425,Nodo 9377158425,4.6688816,-74.0617919,interseccion,True
9406951351,Nodo 9406951351,4.6682491,-74.0692465,interseccion,True
9406985991,Nodo 9406985991,4.6655809,-74.0672704,interseccion,True
9412503578,Nodo 9412503578,4.6530459,-74.0568965,interseccion,True
9412503579,Nodo 9412503579,4.6529745,-74.0569349,interseccion,True
9412503580,Nodo 9412503580,4.6531109,-74.0569987,interseccion,True
9412503581,Nodo 9412503581,4.6530427,-74.0570417,interseccion,True
9412503582,Nodo 9412503582,4.6534569,-74.0575646,interseccion,True
9412503583,Nodo 9412503583,4.6533838,-74.0576038,interseccion,True
9412503584,Nodo 9412503584,4.6537869,-74.0581142,interseccion,True
9412503585,Nodo 9412503585,4.6537002,-74.0581633,interseccion,True
9412503586,Nodo 9412503586,4.6541994,-74.0590034,interseccion,True
9412503587,Nodo 9412503587,4.6542804,-74.0589593,interseccion,True
9412503588,Nodo 9412503588,4.6540289,-74.0587252,interseccion,True
9412503589,Nodo 9412503589,4.6541146,-74.0586724,interseccion,True
9412503590,Nodo 9412503590,4.6543912,-74.0593162,interseccion,True
9412503591,Nodo 9412503591,4.654462,-74.0592738,interseccion,True
9414750705,Nodo 9414750705,4.6706329,-74.0505421,interseccion,True
9424519349,Nodo 9424519349,4.6517827,-74.0528572,interseccion,True
9424519356,Nodo 9424519356,4.6526199,-74.0534377,interseccion,True
9644335932,Nodo 9644335932,4.6715153,-74.058091,interseccion,True
9661162217,Nodo 9661162217,4.6633561,-74.067627,interseccion,True
9831770472,Nodo 9831770472,4.6652882,-74.0612042,interseccion,True
9905016911,Nodo 9905016911,4.6563931,-74.0593042,interseccion,True
10062516860,Nodo 10062516860,4.6582549,-74.0604669,interseccion,True
10062516861,Nodo 10062516861,4.658413,-74.0603627,interseccion,True
11599890959,Nodo 11599890959,4.6667127,-74.0648254,interseccion,True
12093836766,Nodo 12093836766,4.6555844,-74.062503,interseccion,True
12212788305,Nodo 12212788305,4.6596697,-74.0620518,interseccion,True
12212788624,Nodo 12212788624,4.6605361,-74.0623062,interseccion,True
12222604070,Nodo 12222604070,4.6526751,-74.0642516,interseccion,True
12222604090,Nodo 12222604090,4.6525934,-74.063888,interseccion,True
12222604091,Nodo 12222604091,4.6520744,-74.0639663,interseccion,True
12222604092,Nodo 12222604092,4.652148,-74.0643677,interseccion,True
12285697975,Nodo 12285697975,4.6529156,-74.0648926,interseccion,True
12288332428,Nodo 12288332428,4.6578916,-74.0619153,interseccion,True
12288332429,Nodo 12288332429,4.657166,-74.0620376,interseccion,True
12288332430,Nodo 12288332430,4.6564844,-74.0621506,interseccion,True
12288332436,Nodo 12288332436,4.6589972,-74.0621527,interseccion,True
12288332441,Nodo 12288332441,4.6584058,-74.0622459,interseccion,True
12288332443,Nodo 12288332443,4.6572793,-74.0624457,interseccion,True
12288332444,Nodo 12288332444,4.6565741,-74.0625841,interseccion,True
12438940376,Nodo 12438940376,4.6723052,-74.0630848,interseccion,True
12438940386,Nodo 12438940386,4.6718331,-74.0630129,interseccion,True
12440876776,Nodo 12440876776,4.6710129,-74.0651931,interseccion,True
12440876779,Nodo 12440876779,4.6712721,-74.0650448,interseccion,True
12472064221,Nodo 12472064221,4.6592578,-74.0615504,interseccion,True
12483781990,Nodo 12483781990,4.6694987,-74.0599401,interseccion,True
12483781991,Nodo 12483781991,4.6694296,-74.0597758,interseccion,True
12496016276,Nodo 12496016276,4.6603837,-74.0632103,interseccion,True
12496016371,Nodo 12496016371,4.6630527,-74.0670375,interseccion,True
12496016372,Nodo 12496016372,4.6629634,-74.0670956,interseccion,True
12496016373,Nodo 12496016373,4.6630265,-74.0671815,interseccion,True
12496016374,Nodo 12496016374,4.6631172,-74.0671239,interseccion,True
12496016375,Nodo 12496016375,4.6613787,-74.0646259,interseccion,True
12496016376,Nodo 12496016376,4.6612925,-74.0646845,interseccion,True
12496016378,Nodo 12496016378,4.6608042,-74.0639865,interseccion,True
12496016379,Nodo 12496016379,4.6608961,-74.0639314,interseccion,True
12566330550,Nodo 12566330550,4.6594563,-74.0596589,interseccion,True
12566330552,Nodo 12566330552,4.6601976,-74.059145,interseccion,True
12577137934,Nodo 12577137934,4.6618102,-74.0556031,interseccion,True
12577137965,Nodo 12577137965,4.6620569,-74.0578663,interseccion,True
12577137968,Nodo 12577137968,4.6609601,-74.056179,interseccion,True
12594549131,Nodo 12594549131,4.6621981,-74.0620787,interseccion,True
12594549132,Nodo 12594549132,4.6626967,-74.0628421,interseccion,True
12595971095,Nodo 12595971095,4.6602728,-74.0608572,interseccion,True
12595971098,Nodo 12595971098,4.6610223,-74.0603489,interseccion,True
12596010801,Nodo 12596010801,4.6619549,-74.0597088,interseccion,True
12596010805,Nodo 12596010805,4.6628537,-74.0591131,interseccion,True
12596010807,Nodo 12596010807,4.6638293,-74.0585753,interseccion,True
12596010810,Nodo 12596010810,4.6637425,-74.0586214,interseccion,True
12596010811,Nodo 12596010811,4.6653449,-74.0577314,interseccion,True
12596010813,Nodo 12596010813,4.6664575,-74.0570977,interseccion,True
12596010814,Nodo 12596010814,4.6674204,-74.0565538,interseccion,True
12596010817,Nodo 12596010817,4.6700805,-74.0552717,interseccion,True
12840537205,Nodo 12840537205,4.6520004,-74.0652984,interseccion,True
12898740865,Nodo 12898740865,4.6652216,-74.0502006,interseccion,True
13009966825,Nodo 13009966825,4.6665208,-74.0491591,interseccion,True
13252260181,Nodo 13252260181,4.6680145,-74.0605972,interseccion,True
13276801890,Nodo 13276801890,4.6691574,-74.0536756,interseccion,True
13276895162,Nodo 13276895162,4.6687583,-74.0539082,interseccion,True
13281947800,Nodo 13281947800,4.6596777,-74.0636262,interseccion,True
13281957905,Nodo 13281957905,4.6572758,-74.0587007,interseccion,True
13281957908,Nodo 13281957908,4.65712,-74.0588072,interseccion,True
13281957919,Nodo 13281957919,4.6560598,-74.0569369,interseccion,True
13281957920,Nodo 13281957920,4.6559088,-74.0570404,interseccion,True
13281957923,Nodo 13281957923,4.6547242,-74.0553296,interseccion,True
13281957924,Nodo 13281957924,4.6548023,-74.0554479,interseccion,True
13281957925,Nodo 13281957925,4.6549578,-74.0553969,interseccion,True
13281957926,Nodo 13281957926,4.6548585,-74.0552872,interseccion,True
13282116202,Nodo 13282116202,4.6582672,-74.0667057,interseccion,True
13282116204,Nodo 13282116204,4.6577713,-74.0659256,interseccion,True
13282116206,Nodo 13282116206,4.6568937,-74.0665143,interseccion,True
13383492230,Nodo 13383492230,4.6687954,-74.0633729,interseccion,True
13383492233,Nodo 13383492233,4.6691201,-74.0632902,interseccion,True
13383492234,Nodo 13383492234,4.6689063,-74.0634616,interseccion,True
13441319707,Nodo 13441319707,4.6525361,-74.0662806,interseccion,True
13508151294,Nodo 13508151294,4.6602964,-74.0632442,interseccion,True
13617956754,Nodo 13617956754,4.6540667,-74.0608029,interseccion,True
13617956756,Nodo 13617956756,4.6527544,-74.0614286,interseccion,True
13617956758,Nodo 13617956758,4.6522022,-74.0605522,interseccion,True
13617956760,Nodo 13617956760,4.6516819,-74.0597263,interseccion,True
13617956761,Nodo 13617956761,4.6513028,-74.0591276,interseccion,True
13617956767,Nodo 13617956767,4.6536622,-74.0628354,interseccion,True
13617994816,Nodo 13617994816,4.6593782,-74.0617204,interseccion,True
13617994819,Nodo 13617994819,4.6594521,-74.0620672,interseccion,True
13617994821,Nodo 13617994821,4.6609322,-74.0618222,interseccion,True
13617994823,Nodo 13617994823,4.662907,-74.0610956,interseccion,True
13778340372,Nodo 13778340372,4.654928,-74.0632766,interseccion,True
13778629057,Nodo 13778629057,4.658978,-74.0617343,interseccion,True
13778686646,Nodo 13778686646,4.6632156,-74.0636356,interseccion,True
13778686649,Nodo 13778686649,4.6647461,-74.0659763,interseccion,True
13778686650,Nodo 13778686650,4.6648093,-74.0660711,interseccion,True
13778686674,Nodo 13778686674,4.6641365,-74.0605277,interseccion,True
13790717160,Nodo 13790717160,4.6581324,-74.0684202,interseccion,True
13790717162,Nodo 13790717162,4.6590107,-74.0695815,interseccion,True
13790717163,Nodo 13790717163,4.6590679,-74.0696605,interseccion,True
13790717175,Nodo 13790717175,4.6573951,-74.0672858,interseccion,True
13790717177,Nodo 13790717177,4.6563578,-74.0656898,interseccion,True
13790717179,Nodo 13790717179,4.6557414,-74.0646453,interseccion,True
13805375135,Nodo 13805375135,4.6687649,-74.0507328,interseccion,True
13805375136,Nodo 13805375136,4.6688313,-74.0508527,interseccion,True
13805375137,Nodo 13805375137,4.6687575,-74.0509045,interseccion,True
13805375142,Nodo 13805375142,4.6678314,-74.0514053,interseccion,True
13805375143,Nodo 13805375143,4.667905,-74.0515205,interseccion,True
13805375146,Nodo 13805375146,4.6668349,-74.0520917,interseccion,True
13805375147,Nodo 13805375147,4.6667372,-74.0521567,interseccion,True
13805375148,Nodo 13805375148,4.6669328,-74.0521817,interseccion,True
13805375149,Nodo 13805375149,4.6668352,-74.0522469,interseccion,True
13805375156,Nodo 13805375156,4.6658222,-74.0528921,interseccion,True
13805375158,Nodo 13805375158,4.6650116,-74.0533945,interseccion,True
13805375161,Nodo 13805375161,4.6642873,-74.0538879,interseccion,True
13805375164,Nodo 13805375164,4.6627526,-74.0549441,interseccion,True
13805375168,Nodo 13805375168,4.6616545,-74.0557126,interseccion,True
13805375169,Nodo 13805375169,4.6590322,-74.0574877,interseccion,True
13805375172,Nodo 13805375172,4.658318,-74.0579882,interseccion,True
13805375175,Nodo 13805375175,4.6556778,-74.0597932,interseccion,True
13805375178,Nodo 13805375178,4.6551041,-74.0601931,interseccion,True
13821341071,Nodo 13821341071,4.6611362,-74.0585165,interseccion,True
13821378702,Nodo 13821378702,4.6652351,-74.070117,interseccion,True
13821378703,Nodo 13821378703,4.6653229,-74.0700528,interseccion,True
13821378707,Nodo 13821378707,4.6656579,-74.070502,interseccion,True
13821378708,Nodo 13821378708,4.6655717,-74.0705647,interseccion,True
13859007793,Nodo 13859007793,4.6678043,-74.0610476,interseccion,True
13903297057,Nodo 13903297057,4.6545732,-74.0667992,interseccion,True
13903297059,Nodo 13903297059,4.6541407,-74.0659643,interseccion,True
13903297060,Nodo 13903297060,4.6550765,-74.0676714,interseccion,True
13903297062,Nodo 13903297062,4.6556087,-74.0684252,interseccion,True
